Workbook

Sheet Main
A1: 2023 Gaz | B1: 2024 Gaz | C1: 2025 Gaz | D1: 2023 Elektr | E1: 2024 Elektr | F1: 2025 Elektr | G1: 2026 Elektr | H1: 2023 Boshqa | I1: 2024 Boshqa | J1: 2025 Boshqa
A2: 127 | B2: 127 | C2: 127 | D2: 127 | E2: 127 | F2: 127 | G2: 127 | H2: 127 | I2: 127 | J2: 127
A3: 130 | B3: 130 | C3: 130 | D3: 130 | E3: 130 | F3: 130 | G3: 130 | H3: 130 | I3: 130 | J3: 130
A4: 159 | B4: 159 | C4: 159 | D4: 159 | E4: 159 | F4: 159 | G4: 159 | H4: 159 | I4: 159 | J4: 159
A5: 191 | B5: 191 | C5: 191 | D5: 191 | E5: 191 | F5: 191 | G5: 191 | H5: 191 | I5: 191 | J5: 191
A6: 180 | B6: 180 | C6: 180 | D6: 180 | E6: 180 | F6: 180 | G6: 180 | H6: 180 | I6: 180 | J6: 180
A7: 176 | B7: 176 | C7: 176 | D7: 176 | E7: 176 | F7: 176 | G7: 176 | H7: 176 | I7: 176 | J7: 176
A8: 179 | B8: 179 | C8: 179 | D8: 179 | E8: 179 | F8: 179 | G8: 179 | H8: 179 | I8: 179 | J8: 179
A9: 74 | B9: 74 | C9: 74 | D9: 74 | E9: 74 | F9: 74 | G9: 74 | H9: 74 | I9: 74 | J9: 74
A10: 99 | B10: 99 | C10: 99 | D10: 99 | E10: 99 | F10: 99 | G10: 99 | H10: 99 | I10: 99 | J10: 99
A11: 131 | B11: 131 | C11: 131 | D11: 131 | E11: 131 | F11: 131 | G11: 131 | H11: 131 | I11: 131 | J11: 131
A12: 126 | B12: 126 | C12: 126 | D12: 126 | E12: 126 | F12: 126 | G12: 126 | H12: 126 | I12: 126 | J12: 126
A13: 144 | B13: 144 | C13: 144 | D13: 144 | E13: 144 | F13: 144 | G13: 144 | H13: 144 | I13: 144 | J13: 144
A15: 2023–YIL UCHUN ENERGIYA ISTE’MOLI TAHLILI
A16: Oy | B16: Elektr (kWh) | C16: Gaz iste'moli (m³) | D16: Gaz energiyasi (kwt/soat) | E16: Boshqa turdagi e. Iste'mol (kg) | F16: Boshqa turdagi e. kwt/soat | G16: Jami (kwt/soat)
A17: Yanvar | B17: =Energy_calc!B4 -> 127 | C17: =Energy_calc!F4 -> 127 | D17: =Energy_calc!G4 -> 1206.5 | E17: 0 | F17: =E17*6.98 -> 0 | G17: =B17+D17+F17 -> 1333.5
A18: Fevral | B18: =Energy_calc!B5 -> 130 | C18: =Energy_calc!F5 -> 130 | D18: =Energy_calc!G5 -> 1235 | E18: 0 | F18: =E18*6.98 -> 0 | G18: =B18+D18+F18 -> 1365
A19: Mart | B19: =Energy_calc!B6 -> 159 | C19: =Energy_calc!F6 -> 159 | D19: =Energy_calc!G6 -> 1510.5 | E19: 0 | F19: =E19*6.98 -> 0 | G19: =B19+D19+F19 -> 1669.5
A20: Aprel | B20: =Energy_calc!B7 -> 191 | C20: =Energy_calc!F7 -> 191 | D20: =Energy_calc!G7 -> 1814.5 | E20: 0 | F20: =E20*6.98 -> 0 | G20: =B20+D20+F20 -> 2005.5
A21: May | B21: =Energy_calc!B8 -> 180 | C21: =Energy_calc!F8 -> 180 | D21: =Energy_calc!G8 -> 1710 | E21: 0 | F21: =E21*6.98 -> 0 | G21: =B21+D21+F21 -> 1890
A22: Iyun | B22: =Energy_calc!B9 -> 176 | C22: =Energy_calc!F9 -> 176 | D22: =Energy_calc!G9 -> 1672 | E22: 0 | F22: =E22*6.98 -> 0 | G22: =B22+D22+F22 -> 1848
A23: Iyul | B23: =Energy_calc!B10 -> 179 | C23: =Energy_calc!F10 -> 179 | D23: =Energy_calc!G10 -> 1700.5 | E23: 0 | F23: =E23*6.98 -> 0 | G23: =B23+D23+F23 -> 1879.5
A24: Avgust | B24: =Energy_calc!B11 -> 74 | C24: =Energy_calc!F11 -> 74 | D24: =Energy_calc!G11 -> 703 | E24: 0 | F24: =E24*6.98 -> 0 | G24: =B24+D24+F24 -> 777
A25: Sentabr | B25: =Energy_calc!B12 -> 99 | C25: =Energy_calc!F12 -> 99 | D25: =Energy_calc!G12 -> 940.5 | E25: 0 | F25: =E25*6.98 -> 0 | G25: =B25+D25+F25 -> 1039.5
A26: Oktyabr | B26: =Energy_calc!B13 -> 131 | C26: =Energy_calc!F13 -> 131 | D26: =Energy_calc!G13 -> 1244.5 | E26: 0 | F26: =E26*6.98 -> 0 | G26: =B26+D26+F26 -> 1375.5
A27: Noyabr | B27: =Energy_calc!B14 -> 126 | C27: =Energy_calc!F14 -> 126 | D27: =Energy_calc!G14 -> 1197 | E27: 0 | F27: =E27*6.98 -> 0 | G27: =B27+D27+F27 -> 1323
A28: Dekabr | B28: =Energy_calc!B15 -> 144 | C28: =Energy_calc!F15 -> 144 | D28: =Energy_calc!G15 -> 1368 | E28: 0 | F28: =E28*6.98 -> 0 | G28: =B28+D28+F28 -> 1512
A29: JAMI | B29: =Energy_calc!B16 -> 1716 | C29: =Energy_calc!F16 -> 1716 | D29: =Energy_calc!G16 -> 16302 | E29: =SUM(E17:E28) -> 0 | F29: =SUM(F17:F28) -> 0 | G29: =B29+D29+F29 -> 18018
A30: JAMI yillik energiya sarfi: | C30: =Main!K76 -> 29995.68 | D30: kW*soat
A31: Ulushi: | B31: =Main!M76 -> 0.54347826 | C31: gaz; | D31: =Main!L76 -> 0.057208238 | E31: elektr; | F31: =Main!N76 -> 0.3993135 | G31: boshqa t.
A32: Yillik umumiy xarajatlar: | C32: =Main!O76/1000000 -> 2.8743 | D32: mln. So'm
A34: 2024–YIL UCHUN ENERGIYA ISTE’MOLI TAHLILI
A35: Oy | B35: Elektr (kWh) | C35: Gaz iste'moli (m³) | D35: Gaz energiyasi (kwt/soat) | E35: Boshqa turdagi e. Iste'mol (kg) | F35: Boshqa turdagi e. kwt/soat | G35: Jami (kwt/soat)
A36: Yanvar | B36: =Energy_calc!B26 -> 127 | C36: =Energy_calc!L26 -> 127 | D36: =Energy_calc!M26 -> 1206.5 | E36: =Energy_calc!W26 -> 127 | F36: =Energy_calc!X26 -> 886.46 | G36: =B36+D36+F36 -> 2219.96
A37: Fevral | B37: =Energy_calc!B27 -> 130 | C37: =Energy_calc!L27 -> 130 | D37: =Energy_calc!M27 -> 1235 | E37: =Energy_calc!W27 -> 130 | F37: =Energy_calc!X27 -> 907.4 | G37: =B37+D37+F37 -> 2272.4
A38: Mart | B38: =Energy_calc!B28 -> 159 | C38: =Energy_calc!L28 -> 159 | D38: =Energy_calc!M28 -> 1510.5 | E38: =Energy_calc!W28 -> 159 | F38: =Energy_calc!X28 -> 1109.82 | G38: =B38+D38+F38 -> 2779.32
A39: Aprel | B39: =Energy_calc!B29 -> 191 | C39: =Energy_calc!L29 -> 191 | D39: =Energy_calc!M29 -> 1814.5 | E39: =Energy_calc!W29 -> 191 | F39: =Energy_calc!X29 -> 1333.18 | G39: =B39+D39+F39 -> 3338.68
A40: May | B40: =Energy_calc!B30 -> 180 | C40: =Energy_calc!L30 -> 180 | D40: =Energy_calc!M30 -> 1710 | E40: =Energy_calc!W30 -> 180 | F40: =Energy_calc!X30 -> 1256.4 | G40: =B40+D40+F40 -> 3146.4
A41: Iyun | B41: =Energy_calc!B31 -> 176 | C41: =Energy_calc!L31 -> 176 | D41: =Energy_calc!M31 -> 1672 | E41: =Energy_calc!W31 -> 176 | F41: =Energy_calc!X31 -> 1228.48 | G41: =B41+D41+F41 -> 3076.48
A42: Iyul | B42: =Energy_calc!B32 -> 179 | C42: =Energy_calc!L32 -> 179 | D42: =Energy_calc!M32 -> 1700.5 | E42: =Energy_calc!W32 -> 179 | F42: =Energy_calc!X32 -> 1249.42 | G42: =B42+D42+F42 -> 3128.92
A43: Avgust | B43: =Energy_calc!B33 -> 74 | C43: =Energy_calc!L33 -> 74 | D43: =Energy_calc!M33 -> 703 | E43: =Energy_calc!W33 -> 74 | F43: =Energy_calc!X33 -> 516.52 | G43: =B43+D43+F43 -> 1293.52
A44: Sentabr | B44: =Energy_calc!B34 -> 99 | C44: =Energy_calc!L34 -> 99 | D44: =Energy_calc!M34 -> 940.5 | E44: =Energy_calc!W34 -> 99 | F44: =Energy_calc!X34 -> 691.02 | G44: =B44+D44+F44 -> 1730.52
A45: Oktyabr | B45: =Energy_calc!B35 -> 131 | C45: =Energy_calc!L35 -> 131 | D45: =Energy_calc!M35 -> 1244.5 | E45: =Energy_calc!W35 -> 131 | F45: =Energy_calc!X35 -> 914.38 | G45: =B45+D45+F45 -> 2289.88
A46: Noyabr | B46: =Energy_calc!B36 -> 126 | C46: =Energy_calc!L36 -> 126 | D46: =Energy_calc!M36 -> 1197 | E46: =Energy_calc!W36 -> 126 | F46: =Energy_calc!X36 -> 879.48 | G46: =B46+D46+F46 -> 2202.48
A47: Dekabr | B47: =Energy_calc!B37 -> 144 | C47: =Energy_calc!L37 -> 144 | D47: =Energy_calc!M37 -> 1368 | E47: =Energy_calc!W37 -> 144 | F47: =Energy_calc!X37 -> 1005.12 | G47: =B47+D47+F47 -> 2517.12
A48: JAMI | B48: =Energy_calc!B38 -> 1716 | C48: =Energy_calc!L38 -> 1716 | D48: =Energy_calc!M38 -> 16302 | E48: =Energy_calc!W38 -> 1716 | F48: =Energy_calc!X38 -> 11977.68 | G48: =B48+D48+F48 -> 29995.68
A49: JAMI yillik energiya sarfi: | C49: =Main!K77 -> 29995.68 | D49: kW*soat
A50: Ulushi: | B50: =Main!M77 -> 0.54347826 | C50: gaz; | D50: =Main!L77 -> 0.057208238 | E50: elektr; | F50: =Main!N77 -> 0.3993135 | G50: boshqa t.
A51: Yillik umumiy xarajatlar: | C51: =Main!O77/1000000 -> 4.031345 | D51: mln. So'm
A53: 2025–YIL UCHUN ENERGIYA ISTE’MOLI TAHLILI
A54: Oy | B54: Elektr (kWh) | C54: Gaz iste'moli (m³) | D54: Gaz energiyasi (kwt/soat) | E54: Boshqa turdagi e. Iste'mol (kg) | F54: Boshqa turdagi e. kwt/soat | G54: Jami (kwt/soat)
A55: Yanvar | B55: =Energy_calc!B51 -> 127 | C55: =Energy_calc!L51 -> 127 | D55: =Energy_calc!M51 -> 1206.5 | E55: =Energy_calc!W51 -> 127 | F55: =Energy_calc!X51 -> 886.46 | G55: =B55+D55+F55 -> 2219.96
A56: Fevral | B56: =Energy_calc!B52 -> 130 | C56: =Energy_calc!L52 -> 130 | D56: =Energy_calc!M52 -> 1235 | E56: =Energy_calc!W52 -> 130 | F56: =Energy_calc!X52 -> 907.4 | G56: =B56+D56+F56 -> 2272.4
A57: Mart | B57: =Energy_calc!B53 -> 159 | C57: =Energy_calc!L53 -> 159 | D57: =Energy_calc!M53 -> 1510.5 | E57: =Energy_calc!W53 -> 159 | F57: =Energy_calc!X53 -> 1109.82 | G57: =B57+D57+F57 -> 2779.32
A58: Aprel | B58: =Energy_calc!B54 -> 191 | C58: =Energy_calc!L54 -> 191 | D58: =Energy_calc!M54 -> 1814.5 | E58: =Energy_calc!W54 -> 191 | F58: =Energy_calc!X54 -> 1333.18 | G58: =B58+D58+F58 -> 3338.68
A59: May | B59: =Energy_calc!B55 -> 180 | C59: =Energy_calc!L55 -> 180 | D59: =Energy_calc!M55 -> 1710 | E59: =Energy_calc!W55 -> 180 | F59: =Energy_calc!X55 -> 1256.4 | G59: =B59+D59+F59 -> 3146.4
A60: Iyun | B60: =Energy_calc!B56 -> 176 | C60: =Energy_calc!L56 -> 176 | D60: =Energy_calc!M56 -> 1672 | E60: =Energy_calc!W56 -> 176 | F60: =Energy_calc!X56 -> 1228.48 | G60: =B60+D60+F60 -> 3076.48
A61: Iyul | B61: =Energy_calc!B57 -> 179 | C61: =Energy_calc!L57 -> 179 | D61: =Energy_calc!M57 -> 1700.5 | E61: =Energy_calc!W57 -> 179 | F61: =Energy_calc!X57 -> 1249.42 | G61: =B61+D61+F61 -> 3128.92
A62: Avgust | B62: =Energy_calc!B58 -> 74 | C62: =Energy_calc!L58 -> 74 | D62: =Energy_calc!M58 -> 703 | E62: =Energy_calc!W58 -> 74 | F62: =Energy_calc!X58 -> 516.52 | G62: =B62+D62+F62 -> 1293.52
A63: Sentabr | B63: =Energy_calc!B59 -> 99 | C63: =Energy_calc!L59 -> 99 | D63: =Energy_calc!M59 -> 940.5 | E63: =Energy_calc!W59 -> 99 | F63: =Energy_calc!X59 -> 691.02 | G63: =B63+D63+F63 -> 1730.52
A64: Oktyabr | B64: =Energy_calc!B60 -> 131 | C64: =Energy_calc!L60 -> 131 | D64: =Energy_calc!M60 -> 1244.5 | E64: =Energy_calc!W60 -> 131 | F64: =Energy_calc!X60 -> 914.38 | G64: =B64+D64+F64 -> 2289.88
A65: Noyabr | B65: =Energy_calc!B61 -> 126 | C65: =Energy_calc!L61 -> 126 | D65: =Energy_calc!M61 -> 1197 | E65: =Energy_calc!W61 -> 126 | F65: =Energy_calc!X61 -> 879.48 | G65: =B65+D65+F65 -> 2202.48
A66: Dekabr | B66: =Energy_calc!B62 -> 144 | C66: =Energy_calc!L62 -> 144 | D66: =Energy_calc!M62 -> 1368 | E66: =Energy_calc!W62 -> 144 | F66: =Energy_calc!X62 -> 1005.12 | G66: =B66+D66+F66 -> 2517.12
A67: JAMI | B67: =Energy_calc!B63 -> 1716 | C67: =Energy_calc!L63 -> 1716 | D67: =Energy_calc!M63 -> 16302 | E67: =Energy_calc!W63 -> 1716 | F67: =Energy_calc!X63 -> 11977.68 | G67: =B67+D67+F67 -> 29995.68
A68: JAMI yillik energiya sarfi: | C68: =Main!K78 -> 29995.68 | D68: kW*soat
A69: Ulushi: | B69: =Main!M78 -> 0.54347826 | C69: gaz; | D69: =Main!L78 -> 0.095238095 | E69: elektr; | F69: =Main!N78 -> 0.3993135 | G69: boshqa t.
A70: Yillik umumiy xarajatlar: | C70: =Main!O78/1000000 -> 5.3564 | D70: mln. So'm
A72: ENERGIYA ISTE’MOLI TAHLILI | J72: 2023–2025 YILLIK ENERGIYA DIAGRAMMALARI
A73: 2023-YIL | E73: 2024-YIL | J73: 3 ta pie chart: har bir yil uchun energiya ulushi. 1 ta bar chart: 3 yil bo'yicha umumiy xarajat taqqoslanishi.
A74: Energiya turi | B74: kWh | C74: Ulush | E74: Ener. turi | F74: kWh | G74: Ulush
A75: Elektr | B75: =P76 -> 1716 | C75: =IF(SUM($B$75:$B$77)=0,0,B75/SUM($B$75:$B$77)) -> 0.057208238 | E75: Elektr | F75: =P77 -> 1716 | G75: =IF(SUM($F$75:$F$77)=0,0,F75/SUM($F$75:$F$77)) -> 0.057208238 | J75: Yil | K75: Yillik umumiy energiya sarfi (kWh) | L75: Elektr % | M75: Gaz % | N75: Boshqa % | O75: Xarajat (so'm) | P75: Elektr (kWh) | Q75: Gaz (kWh) | R75: Boshqa (kWh)
A76: Gaz | B76: =Q76 -> 16302 | C76: =IF(SUM($B$75:$B$77)=0,0,B76/SUM($B$75:$B$77)) -> 0.54347826 | E76: Gaz | F76: =Q77 -> 16302 | G76: =IF(SUM($F$75:$F$77)=0,0,F76/SUM($F$75:$F$77)) -> 0.54347826 | J76: 2023-yil | K76: =Energy_calc!B16+Energy_calc!G16+Energy_calc!X16 -> 29995.68 | L76: =C75 -> 0.057208238 | M76: =C76 -> 0.54347826 | N76: =C77 -> 0.3993135 | O76: =Energy_calc!C16+Energy_calc!H16+Energy_calc!Y16 -> 2874300 | P76: =Energy_calc!B16 -> 1716 | Q76: =Energy_calc!G16 -> 16302 | R76: =Energy_calc!X16 -> 11977.68
A77: Boshqa | B77: =R76 -> 11977.68 | C77: =IF(SUM($B$75:$B$77)=0,0,B77/SUM($B$75:$B$77)) -> 0.3993135 | E77: Boshqa | F77: =R77 -> 11977.68 | G77: =IF(SUM($F$75:$F$77)=0,0,F77/SUM($F$75:$F$77)) -> 0.3993135 | J77: 2024-yil | K77: =Energy_calc!B38+Energy_calc!M38+Energy_calc!X38 -> 29995.68 | L77: =G75 -> 0.057208238 | M77: =G76 -> 0.54347826 | N77: =G77 -> 0.3993135 | O77: =Energy_calc!H38+Energy_calc!T38+Energy_calc!Y38 -> 4031345 | P77: =Energy_calc!B38 -> 1716 | Q77: =Energy_calc!M38 -> 16302 | R77: =Energy_calc!X38 -> 11977.68
A78: Jami | B78: =SUM(B75:B77) -> 29995.68 | E78: Jami | F78: =SUM(F75:F77) -> 29995.68 | J78: 2025-yil | K78: =Energy_calc!B63+Energy_calc!M63+Energy_calc!X63 -> 29995.68 | L78: =C81 -> 0.095238095 | M78: =C82 -> 0.54347826 | N78: =C83 -> 0.3993135 | O78: =Energy_calc!I63+Energy_calc!T63+Energy_calc!Y63 -> 5356400 | P78: =Energy_calc!B63 -> 1716 | Q78: =Energy_calc!M63 -> 16302 | R78: =Energy_calc!X63 -> 11977.68
A79: 2025-YIL | E79: Yillik jami energiya xarajatlari | J79: 2026-yil | K79: =Energy_calc!B87 -> 1716 | O79: =Energy_calc!I87 -> 1029600 | P79: =Energy_calc!B87 -> 1716 | Q79: =Energy_calc!M64 -> 0 | R79: =Energy_calc!N64 -> 0
A80: Energiya turi | B80: kWh | C80: Ulush | E80: Yil | F80: Jami | G80: Birlik
A81: Elektr | B81: =P78 -> 1716 | C81: =IF(SUM(B81:B83)=0,0,B81/SUM(B81:B82)) -> 0.095238095 | E81: 2023 | F81: =O76/1000000 -> 2.8743 | G81: mln so'm
A82: Gaz | B82: =Q78 -> 16302 | C82: =IF(SUM(B82:B83)=0,0,B82/SUM(B81:B83)) -> 0.54347826 | E82: 2024 | F82: =O77/1000000 -> 4.031345 | G82: mln so'm
A83: Boshqa | B83: =R78 -> 11977.68 | C83: =IF(SUM(B83)=0,0,B83/SUM(B81:B83)) -> 0.3993135 | E83: 2025 | F83: =O78/1000000 -> 5.3564 | G83: mln so'm
A84: Jami | B84: =SUM(B81:B83) -> 29995.68
A109: Building energy type | F109: Tonn of co2 emission
A110: Value | B110: Format | F110: Value | G110: Format
A111: 149 | B111: Norm | F111: =C29 -> 1716 | G111: m3 2023
A112: =Energy_calc!L63*0.95 -> 1630.2 | B112: m3 2025 | F112: =C48 -> 1716 | G112: m3 2024
A113: =Energy_calc!M63*0.95 -> 15486.9 | B113: kWh gas | F113: =C67 -> 1716 | G113: m3 2025
A114: =Area_calc!C15 -> 130 | B114: total area | F114: =F113*2/1000 -> 3.432 | G114: tonna (gaz)
A115: =A113/A114 -> 119.13 | B115: Therm. rate | F115: =P78*0.2/1000 -> 0.3432 | G115: tonna (elektr)
A116: =A115-A111 -> -29.87 | B116: Difference | F116: =SUM(F114:F115) -> 3.7752 | G116: tonna jami
A117: =A116/A111 -> -0.2004698 | B117: Percent

Sheet Area_calc
A1: Total area | E1: Windows
A2: dimensions | B2: dimensions2 | C2: section_area | E2: dimensions | F2: dimensions2 | G2: number | H2: window_area
A3: 8 | B3: 4 | C3: =Table2[[#This Row],[dimensions]]*Table2[[#This Row],[dimensions2]] -> 32 | E3: 2 | F3: 1.2 | G3: 10 | H3: =Table24[[#This Row],[dimensions]]*Table24[[#This Row],[dimensions2]]*Table24[[#This Row],[number]] -> 24
A4: 15 | B4: 3.5 | C4: =Table2[[#This Row],[dimensions]]*Table2[[#This Row],[dimensions2]] -> 52.5 | E4: 2.6 | F4: 1 | G4: 5 | H4: =Table24[[#This Row],[dimensions]]*Table24[[#This Row],[dimensions2]]*Table24[[#This Row],[number]] -> 13
A5: 13 | B5: 3.5 | C5: =Table2[[#This Row],[dimensions]]*Table2[[#This Row],[dimensions2]] -> 45.5 | E5: 0 | F5: 0 | G5: 0 | H5: =Table24[[#This Row],[dimensions]]*Table24[[#This Row],[dimensions2]]*Table24[[#This Row],[number]] -> 0
C6: =Table2[[#This Row],[dimensions]]*Table2[[#This Row],[dimensions2]] -> 0 | H6: =Table24[[#This Row],[dimensions]]*Table24[[#This Row],[dimensions2]]*Table24[[#This Row],[number]] -> 0
C7: =Table2[[#This Row],[dimensions]]*Table2[[#This Row],[dimensions2]] -> 0 | H7: =Table24[[#This Row],[dimensions]]*Table24[[#This Row],[dimensions2]]*Table24[[#This Row],[number]] -> 0
C8: =Table2[[#This Row],[dimensions]]*Table2[[#This Row],[dimensions2]] -> 0 | H8: =Table24[[#This Row],[dimensions]]*Table24[[#This Row],[dimensions2]]*Table24[[#This Row],[number]] -> 0
C9: =Table2[[#This Row],[dimensions]]*Table2[[#This Row],[dimensions2]] -> 0 | H9: =Table24[[#This Row],[dimensions]]*Table24[[#This Row],[dimensions2]]*Table24[[#This Row],[number]] -> 0
C10: =Table2[[#This Row],[dimensions]]*Table2[[#This Row],[dimensions2]] -> 0 | H10: =Table24[[#This Row],[dimensions]]*Table24[[#This Row],[dimensions2]]*Table24[[#This Row],[number]] -> 0
C11: =Table2[[#This Row],[dimensions]]*Table2[[#This Row],[dimensions2]] -> 0 | H11: =Table24[[#This Row],[dimensions]]*Table24[[#This Row],[dimensions2]]*Table24[[#This Row],[number]] -> 0
C12: =Table2[[#This Row],[dimensions]]*Table2[[#This Row],[dimensions2]] -> 0 | H12: =Table24[[#This Row],[dimensions]]*Table24[[#This Row],[dimensions2]]*Table24[[#This Row],[number]] -> 0
C13: =Table2[[#This Row],[dimensions]]*Table2[[#This Row],[dimensions2]] -> 0 | H13: =Table24[[#This Row],[dimensions]]*Table24[[#This Row],[dimensions2]]*Table24[[#This Row],[number]] -> 0
C14: =Table2[[#This Row],[dimensions]]*Table2[[#This Row],[dimensions2]] -> 0 | H14: =Table24[[#This Row],[dimensions]]*Table24[[#This Row],[dimensions2]]*Table24[[#This Row],[number]] -> 0
A15: total | C15: =SUM(C3:C14) -> 130 | E15: total | H15: =SUM(H3:H14) -> 37
A17: Walls | E17: Doors
A18: dimensions | B18: height | C18: wall_area | E18: dimensions | F18: dimensions2 | G18: number | H18: door_area
A19: 8 | C19: =Table26[[#This Row],[dimensions]]*Table26[[#This Row],[height]] -> 0 | E19: 2.6 | F19: 1 | G19: 5 | H19: =Table245[[#This Row],[dimensions]]*Table245[[#This Row],[dimensions2]]*Table245[[#This Row],[number]] -> 13
A20: 4 | C20: =Table26[[#This Row],[dimensions]]*Table26[[#This Row],[height]] -> 0 | E20: 0 | F20: 0 | G20: 0 | H20: =Table245[[#This Row],[dimensions]]*Table245[[#This Row],[dimensions2]]*Table245[[#This Row],[number]] -> 0
A21: =SUM(A19:A20) -> 12 | B21: 3 | C21: =Table26[[#This Row],[dimensions]]*Table26[[#This Row],[height]]*2 -> 72 | H21: =Table245[[#This Row],[dimensions]]*Table245[[#This Row],[dimensions2]]*Table245[[#This Row],[number]] -> 0
A22: 15 | C22: =Table26[[#This Row],[dimensions]]*Table26[[#This Row],[height]] -> 0 | H22: =Table245[[#This Row],[dimensions]]*Table245[[#This Row],[dimensions2]]*Table245[[#This Row],[number]] -> 0
A23: 3.5 | C23: =Table26[[#This Row],[dimensions]]*Table26[[#This Row],[height]] -> 0 | H23: =Table245[[#This Row],[dimensions]]*Table245[[#This Row],[dimensions2]]*Table245[[#This Row],[number]] -> 0
A24: =SUM(A22:A23) -> 18.5 | B24: 3 | C24: =Table26[[#This Row],[dimensions]]*Table26[[#This Row],[height]]*2 -> 111 | H24: =Table245[[#This Row],[dimensions]]*Table245[[#This Row],[dimensions2]]*Table245[[#This Row],[number]] -> 0
A25: 0 | C25: =Table26[[#This Row],[dimensions]]*Table26[[#This Row],[height]] -> 0 | H25: =Table245[[#This Row],[dimensions]]*Table245[[#This Row],[dimensions2]]*Table245[[#This Row],[number]] -> 0
A26: 0 | C26: =Table26[[#This Row],[dimensions]]*Table26[[#This Row],[height]] -> 0 | H26: =Table245[[#This Row],[dimensions]]*Table245[[#This Row],[dimensions2]]*Table245[[#This Row],[number]] -> 0
A27: =SUM(A25:A26) -> 0 | B27: 3.3 | C27: =Table26[[#This Row],[dimensions]]*Table26[[#This Row],[height]]*2 -> 0 | H27: =Table245[[#This Row],[dimensions]]*Table245[[#This Row],[dimensions2]]*Table245[[#This Row],[number]] -> 0
A28: 0 | B28: 0 | C28: 0 | H28: =Table245[[#This Row],[dimensions]]*Table245[[#This Row],[dimensions2]]*Table245[[#This Row],[number]] -> 0
A29: 0 | B29: 0 | C29: 0 | H29: =Table245[[#This Row],[dimensions]]*Table245[[#This Row],[dimensions2]]*Table245[[#This Row],[number]] -> 0
A30: 0 | B30: 0 | C30: 0 | H30: =Table245[[#This Row],[dimensions]]*Table245[[#This Row],[dimensions2]]*Table245[[#This Row],[number]] -> 0
C31: =Table26[[#This Row],[dimensions]]*Table26[[#This Row],[height]] -> 0 | E31: total | H31: =SUM(H19:H30) -> 13
C32: =Table26[[#This Row],[dimensions]]*Table26[[#This Row],[height]] -> 0
A33: =SUM(A31:A32) -> 0 | B33: 5.5 | C33: =Table26[[#This Row],[dimensions]]*Table26[[#This Row],[height]]*2 -> 0
A34: total | C34: =SUM(C19:C33)-H15-H31 -> 133
A36: Roof | B36: =C15*1.15 -> 149.5

Sheet Energy_calc
A1: 2023
A2: ELEKTR 2023 (tarif: 295 so'm/kWh) | E2: GAZ 2023 — Yagona flat tarif: 380 so'm/m³ | V2: Boshqa 2023 — Flat 1000 so'm/kg
A3: Oy | B3: Iste'mol (kWh) | C3: Xarajat (so'm) | E3: Oy | F3: Iste'mol (m³) | G3: energiya (kwt/soat) | H3: Xarajat (so'm) | V3: Oy | W3: Iste'mol (kg) | X3: kwt/soat | Y3: Xarajat (so'm)
A4: Yanvar | B4: =Main!D2 -> 127 | C4: =B4*295 -> 37465 | E4: Yanvar | F4: =Main!A2 -> 127 | G4: =F4*9.5 -> 1206.5 | H4: =F4*380 -> 48260 | V4: Yanvar | W4: =Main!H2 -> 127 | X4: =W4*6.98 -> 886.46 | Y4: =W4*1000 -> 127000
A5: Fevral | B5: =Main!D3 -> 130 | C5: =B5*295 -> 38350 | E5: Fevral | F5: =Main!A3 -> 130 | G5: =F5*9.5 -> 1235 | H5: =F5*380 -> 49400 | V5: Fevral | W5: =Main!H3 -> 130 | X5: =W5*6.98 -> 907.4 | Y5: =W5*1000 -> 130000
A6: Mart | B6: =Main!D4 -> 159 | C6: =B6*295 -> 46905 | E6: Mart | F6: =Main!A4 -> 159 | G6: =F6*9.5 -> 1510.5 | H6: =F6*380 -> 60420 | V6: Mart | W6: =Main!H4 -> 159 | X6: =W6*6.98 -> 1109.82 | Y6: =W6*1000 -> 159000
A7: Aprel | B7: =Main!D5 -> 191 | C7: =B7*295 -> 56345 | E7: Aprel | F7: =Main!A5 -> 191 | G7: =F7*9.5 -> 1814.5 | H7: =F7*380 -> 72580 | V7: Aprel | W7: =Main!H5 -> 191 | X7: =W7*6.98 -> 1333.18 | Y7: =W7*1000 -> 191000
A8: May | B8: =Main!D6 -> 180 | C8: =B8*295 -> 53100 | E8: May | F8: =Main!A6 -> 180 | G8: =F8*9.5 -> 1710 | H8: =F8*380 -> 68400 | V8: May | W8: =Main!H6 -> 180 | X8: =W8*6.98 -> 1256.4 | Y8: =W8*1000 -> 180000
A9: Iyun | B9: =Main!D7 -> 176 | C9: =B9*295 -> 51920 | E9: Iyun | F9: =Main!A7 -> 176 | G9: =F9*9.5 -> 1672 | H9: =F9*380 -> 66880 | V9: Iyun | W9: =Main!H7 -> 176 | X9: =W9*6.98 -> 1228.48 | Y9: =W9*1000 -> 176000
A10: Iyul | B10: =Main!D8 -> 179 | C10: =B10*295 -> 52805 | E10: Iyul | F10: =Main!A8 -> 179 | G10: =F10*9.5 -> 1700.5 | H10: =F10*380 -> 68020 | V10: Iyul | W10: =Main!H8 -> 179 | X10: =W10*6.98 -> 1249.42 | Y10: =W10*1000 -> 179000
A11: Avgust | B11: =Main!D9 -> 74 | C11: =B11*295 -> 21830 | E11: Avgust | F11: =Main!A9 -> 74 | G11: =F11*9.5 -> 703 | H11: =F11*380 -> 28120 | V11: Avgust | W11: =Main!H9 -> 74 | X11: =W11*6.98 -> 516.52 | Y11: =W11*1000 -> 74000
A12: Sentabr | B12: =Main!D10 -> 99 | C12: =B12*295 -> 29205 | E12: Sentabr | F12: =Main!A10 -> 99 | G12: =F12*9.5 -> 940.5 | H12: =F12*380 -> 37620 | V12: Sentabr | W12: =Main!H10 -> 99 | X12: =W12*6.98 -> 691.02 | Y12: =W12*1000 -> 99000
A13: Oktyabr | B13: =Main!D11 -> 131 | C13: =B13*295 -> 38645 | E13: Oktyabr | F13: =Main!A11 -> 131 | G13: =F13*9.5 -> 1244.5 | H13: =F13*380 -> 49780 | V13: Oktyabr | W13: =Main!H11 -> 131 | X13: =W13*6.98 -> 914.38 | Y13: =W13*1000 -> 131000
A14: Noyabr | B14: =Main!D12 -> 126 | C14: =B14*295 -> 37170 | E14: Noyabr | F14: =Main!A12 -> 126 | G14: =F14*9.5 -> 1197 | H14: =F14*380 -> 47880 | V14: Noyabr | W14: =Main!H12 -> 126 | X14: =W14*6.98 -> 879.48 | Y14: =W14*1000 -> 126000
A15: Dekabr | B15: =Main!D13 -> 144 | C15: =B15*295 -> 42480 | E15: Dekabr | F15: =Main!A13 -> 144 | G15: =F15*9.5 -> 1368 | H15: =F15*380 -> 54720 | V15: Dekabr | W15: =Main!H13 -> 144 | X15: =W15*6.98 -> 1005.12 | Y15: =W15*1000 -> 144000
A16: JAMI | B16: =SUM(B4:B15) -> 1716 | C16: =SUM(C4:C15) -> 506220 | E16: JAMI | F16: =SUM(F4:F15) -> 1716 | G16: =SUM(G4:G15) -> 16302 | H16: =SUM(H4:H15) -> 652080 | V16: JAMI | W16: =SUM(W4:W15) -> 1716 | X16: =SUM(X4:X15) -> 11977.68 | Y16: =SUM(Y4:Y15) -> 1716000
A17: 2024
A18: ELEKTR 2024 — Bosqichli tarif (May 1dan) | K18: GAZ 2024 — Bosqichli tarif (May 1dan)
A19: Tarif jadvali | K19: Tarif jadvali
A20: Davr | B20: 0–200 kWh | C20: 201–1000 | D20: 1001–5000 | E20: 5001–10000 | F20: 10001+ | G20: Izoh | K20: Davr | L20: Flat | M20: Kvota (m³) | N20: 0–Kvota × 650 | O20: Kvota–2500 × 1500 | P20: 2501–5000 × 1950 | Q20: 5001–10000 × 2275 | R20: 10001+ × 2600 | S20: Izoh
A21: Yan–Aprel | B21: 295 | C21: - | D21: - | E21: - | F21: - | G21: 0-200 band: 295 | K21: Yan–Apr | L21: 380 flat | M21: — | N21: — | O21: — | P21: — | Q21: — | R21: — | S21: Eski flat tarif
A22: May–Dek | B22: 450 | C22: 900 | D22: 1350 | E22: 1575 | F22: 1800 | G22: 0-200 band: 450 (May1 tarifi) | K22: May–Okt | L22: — | M22: 100 | N22: 0-100: 650 | O22: 101-2500: 1500 | P22: 2501-5000: 1950 | Q22: 5001-10k: 2275 | R22: 10001+: 2600 | S22: Isitish yo'q
K23: Nov–Feb | L23: — | M23: 500 | N23: 0-500: 650 | O23: 501-2500: 1500 | P23: 2501-5000: 1950 | Q23: 5001-10k: 2275 | R23: 10001+: 2600 | S23: Isitish mavsumi
A24: Oylik hisob-kitob | K24: Oylik hisob-kitob | V24: Boshqa 2024 — Flat 1300 so'm/kg
A25: Oy | B25: kWh | C25: 0–200 | D25: 201–1000 | E25: 1001–5000 | F25: 5001–10000 | G25: 10001+ | H25: JAMI (so'm) | K25: Oy | L25: m³ | M25: kwt/soat | N25: Kvota | O25: 0–Kvota × 650 | P25: Kvota–2500 × 1500 | Q25: 2501–5000 × 1950 | R25: 5001–10000 × 2275 | S25: 10001+ × 2600 | T25: JAMI (so'm) | V25: Oy | W25: Iste'mol (kg) | X25: kwt/soat | Y25: Xarajat (so'm)
A26: Yanvar | B26: =Main!E2 -> 127 | C26: =B26*295 -> 37465 | D26: - | E26: - | F26: - | G26: - | H26: =SUM(C26:G26) -> 37465 | K26: Yanvar | L26: =Main!B2 -> 127 | M26: =L26*9.5 -> 1206.5 | N26: — | O26: =L26*380 -> 48260 | P26: =0 -> 0 | Q26: =0 -> 0 | R26: =0 -> 0 | S26: =0 -> 0 | T26: =SUM(O26:S26) -> 48260 | V26: Yanvar | W26: =Main!I2 -> 127 | X26: =W26*6.98 -> 886.46 | Y26: =W26*1300 -> 165100
A27: Fevral | B27: =Main!E3 -> 130 | C27: =B27*295 -> 38350 | D27: - | E27: - | F27: - | G27: - | H27: =SUM(C27:G27) -> 38350 | K27: Fevral | L27: =Main!B3 -> 130 | M27: =L27*9.5 -> 1235 | N27: — | O27: =L27*380 -> 49400 | P27: =0 -> 0 | Q27: =0 -> 0 | R27: =0 -> 0 | S27: =0 -> 0 | T27: =SUM(O27:S27) -> 49400 | V27: Fevral | W27: =Main!I3 -> 130 | X27: =W27*6.98 -> 907.4 | Y27: =W27*1300 -> 169000
A28: Mart | B28: =Main!E4 -> 159 | C28: =B28*295 -> 46905 | D28: - | E28: - | F28: - | G28: - | H28: =SUM(C28:G28) -> 46905 | K28: Mart | L28: =Main!B4 -> 159 | M28: =L28*9.5 -> 1510.5 | N28: — | O28: =L28*380 -> 60420 | P28: =0 -> 0 | Q28: =0 -> 0 | R28: =0 -> 0 | S28: =0 -> 0 | T28: =SUM(O28:S28) -> 60420 | V28: Mart | W28: =Main!I4 -> 159 | X28: =W28*6.98 -> 1109.82 | Y28: =W28*1300 -> 206700
A29: Aprel | B29: =Main!E5 -> 191 | C29: =B29*295 -> 56345 | D29: - | E29: - | F29: - | G29: - | H29: =SUM(C29:G29) -> 56345 | K29: Aprel | L29: =Main!B5 -> 191 | M29: =L29*9.5 -> 1814.5 | N29: — | O29: =L29*380 -> 72580 | P29: =0 -> 0 | Q29: =0 -> 0 | R29: =0 -> 0 | S29: =0 -> 0 | T29: =SUM(O29:S29) -> 72580 | V29: Aprel | W29: =Main!I5 -> 191 | X29: =W29*6.98 -> 1333.18 | Y29: =W29*1300 -> 248300
A30: May | B30: =Main!E6 -> 180 | C30: =MIN(B30,200)*295 -> 53100 | D30: =MAX(MIN(B30,1000)-200,0)*900 -> 0 | E30: =MAX(MIN(B30,5000)-1000,0)*1350 -> 0 | F30: =MAX(MIN(B30,10000)-5000,0)*1575 -> 0 | G30: =MAX(B30-10000,0)*1800 -> 0 | H30: =SUM(C30:G30) -> 53100 | K30: May | L30: =Main!B6 -> 180 | M30: =L30*9.5 -> 1710 | N30: 100 | O30: =MIN(L30,N30)*650 -> 65000 | P30: =MAX(MIN(L30,2500)-N30,0)*1500 -> 120000 | Q30: =MAX(MIN(L30,5000)-2500,0)*1950 -> 0 | R30: =MAX(MIN(L30,10000)-5000,0)*2275 -> 0 | S30: =MAX(L30-10000,0)*2600 -> 0 | T30: =SUM(O30:S30) -> 185000 | V30: May | W30: =Main!I6 -> 180 | X30: =W30*6.98 -> 1256.4 | Y30: =W30*1300 -> 234000
A31: Iyun | B31: =Main!E7 -> 176 | C31: =MIN(B31,200)*295 -> 51920 | D31: =MAX(MIN(B31,1000)-200,0)*900 -> 0 | E31: =MAX(MIN(B31,5000)-1000,0)*1350 -> 0 | F31: =MAX(MIN(B31,10000)-5000,0)*1575 -> 0 | G31: =MAX(B31-10000,0)*1800 -> 0 | H31: =SUM(C31:G31) -> 51920 | K31: Iyun | L31: =Main!B7 -> 176 | M31: =L31*9.5 -> 1672 | N31: 100 | O31: =MIN(L31,N31)*650 -> 65000 | P31: =MAX(MIN(L31,2500)-N31,0)*1500 -> 114000 | Q31: =MAX(MIN(L31,5000)-2500,0)*1950 -> 0 | R31: =MAX(MIN(L31,10000)-5000,0)*2275 -> 0 | S31: =MAX(L31-10000,0)*2600 -> 0 | T31: =SUM(O31:S31) -> 179000 | V31: Iyun | W31: =Main!I7 -> 176 | X31: =W31*6.98 -> 1228.48 | Y31: =W31*1300 -> 228800
A32: Iyul | B32: =Main!E8 -> 179 | C32: =MIN(B32,200)*450 -> 80550 | D32: =MAX(MIN(B32,1000)-200,0)*900 -> 0 | E32: =MAX(MIN(B32,5000)-1000,0)*1350 -> 0 | F32: =MAX(MIN(B32,10000)-5000,0)*1575 -> 0 | G32: =MAX(B32-10000,0)*1800 -> 0 | H32: =SUM(C32:G32) -> 80550 | K32: Iyul | L32: =Main!B8 -> 179 | M32: =L32*9.5 -> 1700.5 | N32: 100 | O32: =MIN(L32,N32)*650 -> 65000 | P32: =MAX(MIN(L32,2500)-N32,0)*1500 -> 118500 | Q32: =MAX(MIN(L32,5000)-2500,0)*1950 -> 0 | R32: =MAX(MIN(L32,10000)-5000,0)*2275 -> 0 | S32: =MAX(L32-10000,0)*2600 -> 0 | T32: =SUM(O32:S32) -> 183500 | V32: Iyul | W32: =Main!I8 -> 179 | X32: =W32*6.98 -> 1249.42 | Y32: =W32*1300 -> 232700
A33: Avgust | B33: =Main!E9 -> 74 | C33: =MIN(B33,200)*450 -> 33300 | D33: =MAX(MIN(B33,1000)-200,0)*900 -> 0 | E33: =MAX(MIN(B33,5000)-1000,0)*1350 -> 0 | F33: =MAX(MIN(B33,10000)-5000,0)*1575 -> 0 | G33: =MAX(B33-10000,0)*1800 -> 0 | H33: =SUM(C33:G33) -> 33300 | K33: Avgust | L33: =Main!B9 -> 74 | M33: =L33*9.5 -> 703 | N33: 100 | O33: =MIN(L33,N33)*650 -> 48100 | P33: =MAX(MIN(L33,2500)-N33,0)*1500 -> 0 | Q33: =MAX(MIN(L33,5000)-2500,0)*1950 -> 0 | R33: =MAX(MIN(L33,10000)-5000,0)*2275 -> 0 | S33: =MAX(L33-10000,0)*2600 -> 0 | T33: =SUM(O33:S33) -> 48100 | V33: Avgust | W33: =Main!I9 -> 74 | X33: =W33*6.98 -> 516.52 | Y33: =W33*1300 -> 96200
A34: Sentabr | B34: =Main!E10 -> 99 | C34: =MIN(B34,200)*450 -> 44550 | D34: =MAX(MIN(B34,1000)-200,0)*900 -> 0 | E34: =MAX(MIN(B34,5000)-1000,0)*1350 -> 0 | F34: =MAX(MIN(B34,10000)-5000,0)*1575 -> 0 | G34: =MAX(B34-10000,0)*1800 -> 0 | H34: =SUM(C34:G34) -> 44550 | K34: Sentabr | L34: =Main!B10 -> 99 | M34: =L34*9.5 -> 940.5 | N34: 100 | O34: =MIN(L34,N34)*650 -> 64350 | P34: =MAX(MIN(L34,2500)-N34,0)*1500 -> 0 | Q34: =MAX(MIN(L34,5000)-2500,0)*1950 -> 0 | R34: =MAX(MIN(L34,10000)-5000,0)*2275 -> 0 | S34: =MAX(L34-10000,0)*2600 -> 0 | T34: =SUM(O34:S34) -> 64350 | V34: Sentabr | W34: =Main!I10 -> 99 | X34: =W34*6.98 -> 691.02 | Y34: =W34*1300 -> 128700
A35: Oktyabr | B35: =Main!E11 -> 131 | C35: =MIN(B35,200)*450 -> 58950 | D35: =MAX(MIN(B35,1000)-200,0)*900 -> 0 | E35: =MAX(MIN(B35,5000)-1000,0)*1350 -> 0 | F35: =MAX(MIN(B35,10000)-5000,0)*1575 -> 0 | G35: =MAX(B35-10000,0)*1800 -> 0 | H35: =SUM(C35:G35) -> 58950 | K35: Oktyabr | L35: =Main!B11 -> 131 | M35: =L35*9.5 -> 1244.5 | N35: 100 | O35: =MIN(L35,N35)*650 -> 65000 | P35: =MAX(MIN(L35,2500)-N35,0)*1500 -> 46500 | Q35: =MAX(MIN(L35,5000)-2500,0)*1950 -> 0 | R35: =MAX(MIN(L35,10000)-5000,0)*2275 -> 0 | S35: =MAX(L35-10000,0)*2600 -> 0 | T35: =SUM(O35:S35) -> 111500 | V35: Oktyabr | W35: =Main!I11 -> 131 | X35: =W35*6.98 -> 914.38 | Y35: =W35*1300 -> 170300
A36: Noyabr | B36: =Main!E12 -> 126 | C36: =MIN(B36,200)*450 -> 56700 | D36: =MAX(MIN(B36,1000)-200,0)*900 -> 0 | E36: =MAX(MIN(B36,5000)-1000,0)*1350 -> 0 | F36: =MAX(MIN(B36,10000)-5000,0)*1575 -> 0 | G36: =MAX(B36-10000,0)*1800 -> 0 | H36: =SUM(C36:G36) -> 56700 | K36: Noyabr | L36: =Main!B12 -> 126 | M36: =L36*9.5 -> 1197 | N36: 500 | O36: =MIN(L36,N36)*650 -> 81900 | P36: =MAX(MIN(L36,2500)-N36,0)*1500 -> 0 | Q36: =MAX(MIN(L36,5000)-2500,0)*1950 -> 0 | R36: =MAX(MIN(L36,10000)-5000,0)*2275 -> 0 | S36: =MAX(L36-10000,0)*2600 -> 0 | T36: =SUM(O36:S36) -> 81900 | V36: Noyabr | W36: =Main!I12 -> 126 | X36: =W36*6.98 -> 879.48 | Y36: =W36*1300 -> 163800
A37: Dekabr | B37: =Main!E13 -> 144 | C37: =MIN(B37,200)*450 -> 64800 | D37: =MAX(MIN(B37,1000)-200,0)*900 -> 0 | E37: =MAX(MIN(B37,5000)-1000,0)*1350 -> 0 | F37: =MAX(MIN(B37,10000)-5000,0)*1575 -> 0 | G37: =MAX(B37-10000,0)*1800 -> 0 | H37: =SUM(C37:G37) -> 64800 | K37: Dekabr | L37: =Main!B13 -> 144 | M37: =L37*9.5 -> 1368 | N37: 500 | O37: =MIN(L37,N37)*650 -> 93600 | P37: =MAX(MIN(L37,2500)-N37,0)*1500 -> 0 | Q37: =MAX(MIN(L37,5000)-2500,0)*1950 -> 0 | R37: =MAX(MIN(L37,10000)-5000,0)*2275 -> 0 | S37: =MAX(L37-10000,0)*2600 -> 0 | T37: =SUM(O37:S37) -> 93600 | V37: Dekabr | W37: =Main!I13 -> 144 | X37: =W37*6.98 -> 1005.12 | Y37: =W37*1300 -> 187200
A38: JAMI | B38: =SUM(B26:B37) -> 1716 | C38: =SUM(C26:C37) -> 622935 | D38: =SUM(D26:D37) -> 0 | E38: =SUM(E26:E37) -> 0 | F38: =SUM(F26:F37) -> 0 | G38: =SUM(G26:G37) -> 0 | H38: =SUM(H26:H37) -> 622935 | K38: JAMI | L38: =SUM(L26:L37) -> 1716 | M38: =SUM(M26:M37) -> 16302 | N38: — | O38: =SUM(O26:O37) -> 778610 | P38: =SUM(P26:P37) -> 399000 | Q38: =SUM(Q26:Q37) -> 0 | R38: =SUM(R26:R37) -> 0 | S38: =SUM(S26:S37) -> 0 | T38: =SUM(T26:T37) -> 1177610 | V38: JAMI | W38: =SUM(W26:W37) -> 1716 | X38: =SUM(X26:X37) -> 11977.68 | Y38: =SUM(Y26:Y37) -> 2230800
A40: Izoh: Yan–Iyun uchun 0-200 kWh×295; Iyul–Dek uchun 0-200 kWh×450; yuqori bosqichlar bir xil | K40: Izoh: Yan–Apr flat 380. May+: Nov/Dec/Jan/Feb kvota=500 m³ (isitish), qolgan oylar kvota=100 m³
K41: Bosqich 2-5 FAQAT kvotadan OSHGAN iste'mol uchun hisoblanadi
A42: 2025
K43: GAZ 2025 — Bosqichli tarif
A44: ELEKTR 2025 — Bosqichli tarif (Apr 1dan yangi) | K44: Tarif jadvali
A45: Davr | B45: 0–200 | C45: 201–500 | D45: 501–1000 | E45: 1001–5000 | F45: 5001–10000 | G45: 10001+ | H45: Izoh | K45: Davr | L45: Kvota (m³) | M45: 0–Kvota | N45: Kvota–2500 | O45: 2501–5000 | P45: 5001–10000 | Q45: 10001+ | R45: Tarif davri | S45: Izoh
A46: Yan–Apr (2024 tarifi) | B46: 450 | C46: 900 | D46: 900 | E46: 1350 | F46: 1575 | G46: 1800 | H46: Dek 2024 bilan bir xil | K46: Yan–Apr (2024 tarifi) | L46: 500 yoki 100 | M46: ×650 | N46: ×1500 | O46: ×1950 | P46: ×2275 | Q46: ×2600 | R46: 2024 tarifi | S46: Jan/Feb isitish=500; Mar/Apr=100
A47: May–Dek (yangi) | B47: 600 | C47: 800 | D47: 1000 | E47: 1500 | F47: 1750 | G47: 2000 | H47: Yangi bosqichli tarif | K47: May–Dek (yangi) | L47: 500 yoki 100 | M47: ×1000 | N47: ×1800 | O47: ×2100 | P47: ×2500 | Q47: ×3000 | R47: Yangi tarif | S47: Nov/Dec isitish=500; qolgan=100
A49: Oylik hisob-kitob | K49: Oylik hisob-kitob | V49: Boshqa 2025 — Flat 1500 so'm/kg
A50: Oy | B50: kWh | C50: 0–200 | D50: 201–500 | E50: 501–1000 | F50: 1001–5000 | G50: 5001–10000 | H50: 10001+ | I50: JAMI (so'm) | K50: Oy | L50: m³ | M50: kwt/soat | N50: Kvota | O50: 0–Kvota | P50: Kvota–2500 | Q50: 2501–5000 | R50: 5001–10000 | S50: 10001+ | T50: JAMI (so'm) | V50: Oy | W50: Iste'mol (kg) | X50: kwt/soat | Y50: Xarajat (so'm)
A51: Yanvar | B51: =Main!F2 -> 127 | C51: =MIN(B51,200)*450 -> 57150 | D51: =MAX(MIN(B51,500)-200,0)*900 -> 0 | E51: =MAX(MIN(B51,1000)-200,0)*900 -> 0 | F51: =MAX(MIN(B51,5000)-1000,0)*1350 -> 0 | G51: =MAX(MIN(B51,10000)-5000,0)*1575 -> 0 | H51: =MAX(B51-10000,0)*1800 -> 0 | I51: =SUM(C51:H51) -> 57150 | K51: Yanvar | L51: =Main!C2 -> 127 | M51: =L51*9.5 -> 1206.5 | N51: 500 | O51: =MIN(L51,N51)*650 -> 82550 | P51: =MAX(MIN(L51,2500)-N51,0)*1500 -> 0 | Q51: =MAX(MIN(L51,5000)-2500,0)*1950 -> 0 | R51: =MAX(MIN(L51,10000)-5000,0)*2275 -> 0 | S51: =MAX(L51-10000,0)*2600 -> 0 | T51: =SUM(O51:S51) -> 82550 | V51: Yanvar | W51: =Main!J2 -> 127 | X51: =W51*6.98 -> 886.46 | Y51: =W51*1500 -> 190500
A52: Fevral | B52: =Main!F3 -> 130 | C52: =MIN(B52,200)*450 -> 58500 | D52: =MAX(MIN(B52,500)-200,0)*900 -> 0 | E52: =MAX(MIN(B52,1000)-200,0)*900 -> 0 | F52: =MAX(MIN(B52,5000)-1000,0)*1350 -> 0 | G52: =MAX(MIN(B52,10000)-5000,0)*1575 -> 0 | H52: =MAX(B52-10000,0)*1800 -> 0 | I52: =SUM(C52:H52) -> 58500 | K52: Fevral | L52: =Main!C3 -> 130 | M52: =L52*9.5 -> 1235 | N52: 500 | O52: =MIN(L52,N52)*650 -> 84500 | P52: =MAX(MIN(L52,2500)-N52,0)*1500 -> 0 | Q52: =MAX(MIN(L52,5000)-2500,0)*1950 -> 0 | R52: =MAX(MIN(L52,10000)-5000,0)*2275 -> 0 | S52: =MAX(L52-10000,0)*2600 -> 0 | T52: =SUM(O52:S52) -> 84500 | V52: Fevral | W52: =Main!J3 -> 130 | X52: =W52*6.98 -> 907.4 | Y52: =W52*1500 -> 195000
A53: Mart | B53: =Main!F4 -> 159 | C53: =MIN(B53,200)*450 -> 71550 | D53: =MAX(MIN(B53,500)-200,0)*900 -> 0 | E53: =MAX(MIN(B53,1000)-200,0)*900 -> 0 | F53: =MAX(MIN(B53,5000)-1000,0)*1350 -> 0 | G53: =MAX(MIN(B53,10000)-5000,0)*1575 -> 0 | H53: =MAX(B53-10000,0)*1800 -> 0 | I53: =SUM(C53:H53) -> 71550 | K53: Mart | L53: =Main!C4 -> 159 | M53: =L53*9.5 -> 1510.5 | N53: 100 | O53: =MIN(L53,N53)*650 -> 65000 | P53: =MAX(MIN(L53,2500)-N53,0)*1500 -> 88500 | Q53: =MAX(MIN(L53,5000)-2500,0)*1950 -> 0 | R53: =MAX(MIN(L53,10000)-5000,0)*2275 -> 0 | S53: =MAX(L53-10000,0)*2600 -> 0 | T53: =SUM(O53:S53) -> 153500 | V53: Mart | W53: =Main!J4 -> 159 | X53: =W53*6.98 -> 1109.82 | Y53: =W53*1500 -> 238500
A54: Aprel | B54: =Main!F5 -> 191 | C54: =MIN(B54,200)*450 -> 85950 | D54: =MAX(MIN(B54,500)-200,0)*900 -> 0 | E54: =MAX(MIN(B54,1000)-200,0)*900 -> 0 | F54: =MAX(MIN(B54,5000)-1000,0)*1350 -> 0 | G54: =MAX(MIN(B54,10000)-5000,0)*1575 -> 0 | H54: =MAX(B54-10000,0)*1800 -> 0 | I54: =SUM(C54:H54) -> 85950 | K54: Aprel | L54: =Main!C5 -> 191 | M54: =L54*9.5 -> 1814.5 | N54: 100 | O54: =MIN(L54,N54)*650 -> 65000 | P54: =MAX(MIN(L54,2500)-N54,0)*1500 -> 136500 | Q54: =MAX(MIN(L54,5000)-2500,0)*1950 -> 0 | R54: =MAX(MIN(L54,10000)-5000,0)*2275 -> 0 | S54: =MAX(L54-10000,0)*2600 -> 0 | T54: =SUM(O54:S54) -> 201500 | V54: Aprel | W54: =Main!J5 -> 191 | X54: =W54*6.98 -> 1333.18 | Y54: =W54*1500 -> 286500
A55: May | B55: =Main!F6 -> 180 | C55: =MIN(B55,200)*600 -> 108000 | D55: =MAX(MIN(B55,500)-200,0)*800 -> 0 | E55: =MAX(MIN(B55,1000)-500,0)*1000 -> 0 | F55: =MAX(MIN(B55,5000)-1000,0)*1500 -> 0 | G55: =MAX(MIN(B55,10000)-5000,0)*1750 -> 0 | H55: =MAX(B55-10000,0)*2000 -> 0 | I55: =SUM(C55:H55) -> 108000 | K55: May | L55: =Main!C6 -> 180 | M55: =L55*9.5 -> 1710 | N55: 100 | O55: =MIN(L55,N55)*1000 -> 100000 | P55: =MAX(MIN(L55,2500)-N55,0)*1800 -> 144000 | Q55: =MAX(MIN(L55,5000)-2500,0)*2100 -> 0 | R55: =MAX(MIN(L55,10000)-5000,0)*2500 -> 0 | S55: =MAX(L55-10000,0)*3000 -> 0 | T55: =SUM(O55:S55) -> 244000 | V55: May | W55: =Main!J6 -> 180 | X55: =W55*6.98 -> 1256.4 | Y55: =W55*1500 -> 270000
A56: Iyun | B56: =Main!F7 -> 176 | C56: =MIN(B56,200)*600 -> 105600 | D56: =MAX(MIN(B56,500)-200,0)*800 -> 0 | E56: =MAX(MIN(B56,1000)-500,0)*1000 -> 0 | F56: =MAX(MIN(B56,5000)-1000,0)*1500 -> 0 | G56: =MAX(MIN(B56,10000)-5000,0)*1750 -> 0 | H56: =MAX(B56-10000,0)*2000 -> 0 | I56: =SUM(C56:H56) -> 105600 | K56: Iyun | L56: =Main!C7 -> 176 | M56: =L56*9.5 -> 1672 | N56: 100 | O56: =MIN(L56,N56)*1000 -> 100000 | P56: =MAX(MIN(L56,2500)-N56,0)*1800 -> 136800 | Q56: =MAX(MIN(L56,5000)-2500,0)*2100 -> 0 | R56: =MAX(MIN(L56,10000)-5000,0)*2500 -> 0 | S56: =MAX(L56-10000,0)*3000 -> 0 | T56: =SUM(O56:S56) -> 236800 | V56: Iyun | W56: =Main!J7 -> 176 | X56: =W56*6.98 -> 1228.48 | Y56: =W56*1500 -> 264000
A57: Iyul | B57: =Main!F8 -> 179 | C57: =MIN(B57,200)*600 -> 107400 | D57: =MAX(MIN(B57,500)-200,0)*800 -> 0 | E57: =MAX(MIN(B57,1000)-500,0)*1000 -> 0 | F57: =MAX(MIN(B57,5000)-1000,0)*1500 -> 0 | G57: =MAX(MIN(B57,10000)-5000,0)*1750 -> 0 | H57: =MAX(B57-10000,0)*2000 -> 0 | I57: =SUM(C57:H57) -> 107400 | K57: Iyul | L57: =Main!C8 -> 179 | M57: =L57*9.5 -> 1700.5 | N57: 100 | O57: =MIN(L57,N57)*1000 -> 100000 | P57: =MAX(MIN(L57,2500)-N57,0)*1800 -> 142200 | Q57: =MAX(MIN(L57,5000)-2500,0)*2100 -> 0 | R57: =MAX(MIN(L57,10000)-5000,0)*2500 -> 0 | S57: =MAX(L57-10000,0)*3000 -> 0 | T57: =SUM(O57:S57) -> 242200 | V57: Iyul | W57: =Main!J8 -> 179 | X57: =W57*6.98 -> 1249.42 | Y57: =W57*1500 -> 268500
A58: Avgust | B58: =Main!F9 -> 74 | C58: =MIN(B58,200)*600 -> 44400 | D58: =MAX(MIN(B58,500)-200,0)*800 -> 0 | E58: =MAX(MIN(B58,1000)-500,0)*1000 -> 0 | F58: =MAX(MIN(B58,5000)-1000,0)*1500 -> 0 | G58: =MAX(MIN(B58,10000)-5000,0)*1750 -> 0 | H58: =MAX(B58-10000,0)*2000 -> 0 | I58: =SUM(C58:H58) -> 44400 | K58: Avgust | L58: =Main!C9 -> 74 | M58: =L58*9.5 -> 703 | N58: 100 | O58: =MIN(L58,N58)*1000 -> 74000 | P58: =MAX(MIN(L58,2500)-N58,0)*1800 -> 0 | Q58: =MAX(MIN(L58,5000)-2500,0)*2100 -> 0 | R58: =MAX(MIN(L58,10000)-5000,0)*2500 -> 0 | S58: =MAX(L58-10000,0)*3000 -> 0 | T58: =SUM(O58:S58) -> 74000 | V58: Avgust | W58: =Main!J9 -> 74 | X58: =W58*6.98 -> 516.52 | Y58: =W58*1500 -> 111000
A59: Sentabr | B59: =Main!F10 -> 99 | C59: =MIN(B59,200)*600 -> 59400 | D59: =MAX(MIN(B59,500)-200,0)*800 -> 0 | E59: =MAX(MIN(B59,1000)-500,0)*1000 -> 0 | F59: =MAX(MIN(B59,5000)-1000,0)*1500 -> 0 | G59: =MAX(MIN(B59,10000)-5000,0)*1750 -> 0 | H59: =MAX(B59-10000,0)*2000 -> 0 | I59: =SUM(C59:H59) -> 59400 | K59: Sentabr | L59: =Main!C10 -> 99 | M59: =L59*9.5 -> 940.5 | N59: 100 | O59: =MIN(L59,N59)*1000 -> 99000 | P59: =MAX(MIN(L59,2500)-N59,0)*1800 -> 0 | Q59: =MAX(MIN(L59,5000)-2500,0)*2100 -> 0 | R59: =MAX(MIN(L59,10000)-5000,0)*2500 -> 0 | S59: =MAX(L59-10000,0)*3000 -> 0 | T59: =SUM(O59:S59) -> 99000 | V59: Sentabr | W59: =Main!J10 -> 99 | X59: =W59*6.98 -> 691.02 | Y59: =W59*1500 -> 148500
A60: Oktyabr | B60: =Main!F11 -> 131 | C60: =MIN(B60,200)*600 -> 78600 | D60: =MAX(MIN(B60,500)-200,0)*800 -> 0 | E60: =MAX(MIN(B60,1000)-500,0)*1000 -> 0 | F60: =MAX(MIN(B60,5000)-1000,0)*1500 -> 0 | G60: =MAX(MIN(B60,10000)-5000,0)*1750 -> 0 | H60: =MAX(B60-10000,0)*2000 -> 0 | I60: =SUM(C60:H60) -> 78600 | K60: Oktyabr | L60: =Main!C11 -> 131 | M60: =L60*9.5 -> 1244.5 | N60: 100 | O60: =MIN(L60,N60)*1000 -> 100000 | P60: =MAX(MIN(L60,2500)-N60,0)*1800 -> 55800 | Q60: =MAX(MIN(L60,5000)-2500,0)*2100 -> 0 | R60: =MAX(MIN(L60,10000)-5000,0)*2500 -> 0 | S60: =MAX(L60-10000,0)*3000 -> 0 | T60: =SUM(O60:S60) -> 155800 | V60: Oktyabr | W60: =Main!J11 -> 131 | X60: =W60*6.98 -> 914.38 | Y60: =W60*1500 -> 196500
A61: Noyabr | B61: =Main!F12 -> 126 | C61: =MIN(B61,200)*600 -> 75600 | D61: =MAX(MIN(B61,500)-200,0)*800 -> 0 | E61: =MAX(MIN(B61,1000)-500,0)*1000 -> 0 | F61: =MAX(MIN(B61,5000)-1000,0)*1500 -> 0 | G61: =MAX(MIN(B61,10000)-5000,0)*1750 -> 0 | H61: =MAX(B61-10000,0)*2000 -> 0 | I61: =SUM(C61:H61) -> 75600 | K61: Noyabr | L61: =Main!C12 -> 126 | M61: =L61*9.5 -> 1197 | N61: 500 | O61: =MIN(L61,N61)*1000 -> 126000 | P61: =MAX(MIN(L61,2500)-N61,0)*1800 -> 0 | Q61: =MAX(MIN(L61,5000)-2500,0)*2100 -> 0 | R61: =MAX(MIN(L61,10000)-5000,0)*2500 -> 0 | S61: =MAX(L61-10000,0)*3000 -> 0 | T61: =SUM(O61:S61) -> 126000 | V61: Noyabr | W61: =Main!J12 -> 126 | X61: =W61*6.98 -> 879.48 | Y61: =W61*1500 -> 189000
A62: Dekabr | B62: =Main!F13 -> 144 | C62: =MIN(B62,200)*600 -> 86400 | D62: =MAX(MIN(B62,500)-200,0)*800 -> 0 | E62: =MAX(MIN(B62,1000)-500,0)*1000 -> 0 | F62: =MAX(MIN(B62,5000)-1000,0)*1500 -> 0 | G62: =MAX(MIN(B62,10000)-5000,0)*1750 -> 0 | H62: =MAX(B62-10000,0)*2000 -> 0 | I62: =SUM(C62:H62) -> 86400 | K62: Dekabr | L62: =Main!C13 -> 144 | M62: =L62*9.5 -> 1368 | N62: 500 | O62: =MIN(L62,N62)*1000 -> 144000 | P62: =MAX(MIN(L62,2500)-N62,0)*1800 -> 0 | Q62: =MAX(MIN(L62,5000)-2500,0)*2100 -> 0 | R62: =MAX(MIN(L62,10000)-5000,0)*2500 -> 0 | S62: =MAX(L62-10000,0)*3000 -> 0 | T62: =SUM(O62:S62) -> 144000 | V62: Dekabr | W62: =Main!J13 -> 144 | X62: =W62*6.98 -> 1005.12 | Y62: =W62*1500 -> 216000
A63: JAMI | B63: =SUM(B51:B62) -> 1716 | C63: =SUM(C51:C62) -> 938550 | D63: =SUM(D51:D62) -> 0 | E63: =SUM(E51:E62) -> 0 | F63: =SUM(F51:F62) -> 0 | G63: =SUM(G51:G62) -> 0 | H63: =SUM(H51:H62) -> 0 | I63: =SUM(I51:I62) -> 938550 | K63: JAMI | L63: =SUM(L51:L62) -> 1716 | M63: =SUM(M51:M62) -> 16302 | N63: — | O63: =SUM(O51:O62) -> 1140050 | P63: =SUM(P51:P62) -> 703800 | Q63: =SUM(Q51:Q62) -> 0 | R63: =SUM(R51:R62) -> 0 | S63: =SUM(S51:S62) -> 0 | T63: =SUM(T51:T62) -> 1843850 | V63: JAMI | W63: =SUM(W51:W62) -> 1716 | X63: =SUM(X51:X62) -> 11977.68 | Y63: =SUM(Y51:Y62) -> 2574000
A65: Izoh: Yan–Apr = 2024 tarifi (0-200×450, 201-1000×900...); May–Dek = yangi 6-bosqich (600/800/1000/1500/1750/2000) | K65: Izoh: Yan/Feb=isitish (kvota=500, 2024 tarifi); Mar/Apr=oddiy (kvota=100, 2024 tarifi)
K66: May+: May–Okt kvota=100 (yangi tarif); Nov/Dek kvota=500 (yangi tarif)
A67: 2026
A68: ELEKTR 2026 — Bosqichli tarif
A70: 0–200 | B70: 201–500 | C70: 501–1000 | D70: 1001–5000 | E70: 5001–10000 | F70: 10001+
A71: 600 | B71: 800 | C71: 1000 | D71: 1500 | E71: 1750 | F71: 2000
A73: Oylik hisob-kitob
A74: Oy | B74: kWh | C74: 0–200 | D74: 201–500 | E74: 501–1000 | F74: 1001–5000 | G74: 5001–10000 | H74: 10001+ | I74: JAMI (so'm)
A75: Yanvar | B75: =Main!G2 -> 127 | C75: =MIN(B75,200)*600 -> 76200 | D75: =MAX(MIN(B75,500)-200,0)*800 -> 0 | E75: =MAX(MIN(B75,1000)-500,0)*1000 -> 0 | F75: =MAX(MIN(B75,5000)-1000,0)*1500 -> 0 | G75: =MAX(MIN(B75,10000)-5000,0)*1750 -> 0 | H75: =MAX(B75-10000,0)*2000 -> 0 | I75: =SUM(C75:H75) -> 76200
A76: Fevral | B76: =Main!G3 -> 130 | C76: =MIN(B76,200)*600 -> 78000 | D76: =MAX(MIN(B76,500)-200,0)*800 -> 0 | E76: =MAX(MIN(B76,1000)-500,0)*1000 -> 0 | F76: =MAX(MIN(B76,5000)-1000,0)*1500 -> 0 | G76: =MAX(MIN(B76,10000)-5000,0)*1750 -> 0 | H76: =MAX(B76-10000,0)*2000 -> 0 | I76: =SUM(C76:H76) -> 78000
A77: Mart | B77: =Main!G4 -> 159 | C77: =MIN(B77,200)*600 -> 95400 | D77: =MAX(MIN(B77,500)-200,0)*800 -> 0 | E77: =MAX(MIN(B77,1000)-500,0)*1000 -> 0 | F77: =MAX(MIN(B77,5000)-1000,0)*1500 -> 0 | G77: =MAX(MIN(B77,10000)-5000,0)*1750 -> 0 | H77: =MAX(B77-10000,0)*2000 -> 0 | I77: =SUM(C77:H77) -> 95400
A78: Aprel | B78: =Main!G5 -> 191 | C78: =MIN(B78,200)*600 -> 114600 | D78: =MAX(MIN(B78,500)-200,0)*800 -> 0 | E78: =MAX(MIN(B78,1000)-500,0)*1000 -> 0 | F78: =MAX(MIN(B78,5000)-1000,0)*1500 -> 0 | G78: =MAX(MIN(B78,10000)-5000,0)*1750 -> 0 | H78: =MAX(B78-10000,0)*2000 -> 0 | I78: =SUM(C78:H78) -> 114600
A79: May | B79: =Main!G6 -> 180 | C79: =MIN(B79,200)*600 -> 108000 | D79: =MAX(MIN(B79,500)-200,0)*800 -> 0 | E79: =MAX(MIN(B79,1000)-500,0)*1000 -> 0 | F79: =MAX(MIN(B79,5000)-1000,0)*1500 -> 0 | G79: =MAX(MIN(B79,10000)-5000,0)*1750 -> 0 | H79: =MAX(B79-10000,0)*2000 -> 0 | I79: =SUM(C79:H79) -> 108000
A80: Iyun | B80: =Main!G7 -> 176 | C80: =MIN(B80,200)*600 -> 105600 | D80: =MAX(MIN(B80,500)-200,0)*800 -> 0 | E80: =MAX(MIN(B80,1000)-500,0)*1000 -> 0 | F80: =MAX(MIN(B80,5000)-1000,0)*1500 -> 0 | G80: =MAX(MIN(B80,10000)-5000,0)*1750 -> 0 | H80: =MAX(B80-10000,0)*2000 -> 0 | I80: =SUM(C80:H80) -> 105600
A81: Iyul | B81: =Main!G8 -> 179 | C81: =MIN(B81,200)*600 -> 107400 | D81: =MAX(MIN(B81,500)-200,0)*800 -> 0 | E81: =MAX(MIN(B81,1000)-500,0)*1000 -> 0 | F81: =MAX(MIN(B81,5000)-1000,0)*1500 -> 0 | G81: =MAX(MIN(B81,10000)-5000,0)*1750 -> 0 | H81: =MAX(B81-10000,0)*2000 -> 0 | I81: =SUM(C81:H81) -> 107400
A82: Avgust | B82: =Main!G9 -> 74 | C82: =MIN(B82,200)*600 -> 44400 | D82: =MAX(MIN(B82,500)-200,0)*800 -> 0 | E82: =MAX(MIN(B82,1000)-500,0)*1000 -> 0 | F82: =MAX(MIN(B82,5000)-1000,0)*1500 -> 0 | G82: =MAX(MIN(B82,10000)-5000,0)*1750 -> 0 | H82: =MAX(B82-10000,0)*2000 -> 0 | I82: =SUM(C82:H82) -> 44400
A83: Sentabr | B83: =Main!G10 -> 99 | C83: =MIN(B83,200)*600 -> 59400 | D83: =MAX(MIN(B83,500)-200,0)*800 -> 0 | E83: =MAX(MIN(B83,1000)-500,0)*1000 -> 0 | F83: =MAX(MIN(B83,5000)-1000,0)*1500 -> 0 | G83: =MAX(MIN(B83,10000)-5000,0)*1750 -> 0 | H83: =MAX(B83-10000,0)*2000 -> 0 | I83: =SUM(C83:H83) -> 59400
A84: Oktyabr | B84: =Main!G11 -> 131 | C84: =MIN(B84,200)*600 -> 78600 | D84: =MAX(MIN(B84,500)-200,0)*800 -> 0 | E84: =MAX(MIN(B84,1000)-500,0)*1000 -> 0 | F84: =MAX(MIN(B84,5000)-1000,0)*1500 -> 0 | G84: =MAX(MIN(B84,10000)-5000,0)*1750 -> 0 | H84: =MAX(B84-10000,0)*2000 -> 0 | I84: =SUM(C84:H84) -> 78600
A85: Noyabr | B85: =Main!G12 -> 126 | C85: =MIN(B85,200)*600 -> 75600 | D85: =MAX(MIN(B85,500)-200,0)*800 -> 0 | E85: =MAX(MIN(B85,1000)-500,0)*1000 -> 0 | F85: =MAX(MIN(B85,5000)-1000,0)*1500 -> 0 | G85: =MAX(MIN(B85,10000)-5000,0)*1750 -> 0 | H85: =MAX(B85-10000,0)*2000 -> 0 | I85: =SUM(C85:H85) -> 75600
A86: Dekabr | B86: =Main!G13 -> 144 | C86: =MIN(B86,200)*600 -> 86400 | D86: =MAX(MIN(B86,500)-200,0)*800 -> 0 | E86: =MAX(MIN(B86,1000)-500,0)*1000 -> 0 | F86: =MAX(MIN(B86,5000)-1000,0)*1500 -> 0 | G86: =MAX(MIN(B86,10000)-5000,0)*1750 -> 0 | H86: =MAX(B86-10000,0)*2000 -> 0 | I86: =SUM(C86:H86) -> 86400
A87: JAMI | B87: =SUM(B75:B86) -> 1716 | C87: =SUM(C75:C86) -> 1029600 | D87: =SUM(D75:D86) -> 0 | E87: =SUM(E75:E86) -> 0 | F87: =SUM(F75:F86) -> 0 | G87: =SUM(G75:G86) -> 0 | H87: =SUM(H75:H86) -> 0 | I87: =SUM(I75:I86) -> 1029600
A89: Izoh: Yan–Apr = 2024 tarifi (0-200×450, 201-1000×900...); May–Dek = yangi 6-bosqich (600/800/1000/1500/1750/2000)
A90: ___________
